nser,dim,sigma,prob_nbit,setup,computing,proving,verifying,comm,l1,l2
2,16,1.0,20,0.010137,4.92299,34.695,19.2848,5311360,15,4.58257569495584
