nser,dim,sigma,prob_nbit,setup,computing,proving,verifying,comm,l1,l2
2,16,1.0,20,0.0183561,7.33141,51.5528,28.7226,7966016,13,4.58257569495584
2,16,4.0,20,0.00736428,11.5676,78.413,43.4812,12135680,52,18.16590212458495
2,16,16.0,20,0.00565973,18.4788,120.241,67.6213,19064000,346,97.84681905918046
2,16,64.0,20,0.00735411,24.0825,155.078,87.3707,24647168,1042,324.6998614105032
2,64,1.0,20,0.0340072,44.6597,293.987,43.2824,11954144,57,10.535653752852738
2,64,4.0,20,0.0199454,62.9244,399.306,58.3924,16186368,306,46.49731175025068
