nser,dim,sigma,prob_nbit,setup,computing,proving,verifying,comm,l1,l2
2,16,1.0,20,0.00580937,6.13938,43.0044,24.0109,6638688,17,5.385164807134504
2,16,4.0,20,0.0181712,9.69418,65.308,36.3899,10113408,61,17.804493814764857
2,16,16.0,20,0.019904,15.8878,103.199,58.0874,16340864,333,98.59513172565875
