nser,dim,sigma,prob_nbit,setup,computing,proving,verifying,comm,l1,l2
2,16,1.0,20,0.00580937,6.13938,43.0044,24.0109,6638688,17,5.385164807134504
