nser,dim,sigma,prob_nbit,setup,computing,proving,verifying,comm,l1,l2
2,16,1.0,20,0.010137,4.92299,34.695,19.2848,5311360,15,4.58257569495584
2,16,4.0,20,0.00738313,13.5149,91.1176,50.7431,14157952,70,20.049937655763422
2,16,16.0,20,0.00742465,15.9057,103.247,58.1589,16340864,383,103.60019305001319
2,16,64.0,20,0.00736194,24.1693,155.114,87.5602,24647168,1327,392.76837958267464
2,64,1.0,20,0.0261017,49.7076,327.806,48.1266,13281472,66,11.313708498984761
2,64,4.0,20,0.026144,63.0691,400.044,58.4433,16186368,310,46.58325879540846
