nser,dim,sigma,prob_nbit,setup,computing,proving,verifying,comm,l1,l2
2,16,1.0,20,0.00737412,4.91461,34.5146,19.2404,5311360,12,4.47213595499958
