nser,dim,sigma,prob_nbit,setup,computing,proving,verifying,comm,l1,l2
2,16,1.0,20,0.0183561,7.33141,51.5528,28.7226,7966016,13,4.58257569495584
2,16,4.0,20,0.00736428,11.5676,78.413,43.4812,12135680,52,18.16590212458495
