nser,dim,orig_eps,orig_l1,vdbm_nb,vdbm_l1,eps,delta,num_bit,setup,computing,proving,verifying,comm,l1,l2
2,16,0.001,23999.99799999937,232658555,137690.68468638035,0.0010299027034834651,3.832433913684342e-11,366,0.0188885,4.47241,27.6045,15.3766,4284576,29147,8520.169071092427
