nser,dim,orig_eps,orig_l1,vdbm_nb,vdbm_l1,eps,delta,num_bit,setup,computing,proving,verifying,comm,l1,l2
2,16,0.001,23999.99799999937,232658555,137690.68468638035,0.0010299027034834651,3.832433913684342e-11,366,0.0203214,4.45182,27.5247,15.3167,4284576,27986,9509.796948410623
2,16,0.01,2399.9799998000135,2529927,14358.168354924823,0.010229091805857848,6.3754518451138156e-12,285,0.0127684,3.45587,21.5621,11.8979,3336384,3045,1007.345521655802
2,16,0.1,239.79980092265015,28452,1522.6547664245861,0.10146565545447173,3.802164711137073e-13,230,0.00765066,2.79246,17.278,9.61245,2696032,137,49.68903299521938
