nser,dim,orig_eps,orig_l1,vdbm_nb,vdbm_l1,eps,delta,num_bit,setup,computing,proving,verifying,comm,l1,l2
2,16,0.001,23999.99799999937,232658555,137690.68468638035,0.0010299027034834651,3.832433913684342e-11,366,0.00985648,4.44717,27.3703,15.2689,4284576,29328,9051.347192545429
2,16,0.01,2399.9799998000135,2529927,14358.168354924823,0.010229091805857848,6.3754518451138156e-12,285,0.0188089,3.49023,21.7103,12.0079,3336384,3994,1217.7618814858674
2,16,0.1,239.79980092265015,28452,1522.6547664245861,0.10146565545447173,3.802164711137073e-13,230,0.019454,2.79239,17.307,9.61695,2696032,318,100.07996802557443
2,16,1.0,21.87575904051089,331,164.2324770429701,1.0069026891786528,5.811828035869712e-15,159,0.019305,1.95953,11.9067,6.68681,1866240,19,5.5677643628300215
2,64,0.001,95999.99199999748,232658555,550762.7387455214,0.0010299027034834651,3.832433913684342e-11,366,0.0411019,17.9574,103.676,15.3369,4290720,105503,16777.321210491264
