nser,dim,orig_eps,orig_l1,vdbm_nb,vdbm_l1,eps,delta,num_bit,setup,computing,proving,verifying,comm,l1,l2
2,16,0.001,23999.99799999937,232658555,137690.68468638035,0.0010299027034834651,3.832433913684342e-11,366,0.0188885,4.47241,27.6045,15.3766,4284576,29147,8520.169071092427
2,16,0.01,2399.9799998000135,2529927,14358.168354924823,0.010229091805857848,6.3754518451138156e-12,285,0.0161554,3.46578,21.6619,11.9512,3336384,1753,513.9192543581141
2,16,0.1,239.79980092265015,28452,1522.6547664245861,0.10146565545447173,3.802164711137073e-13,230,0.0125964,2.81217,17.3656,9.69114,2696032,157,50.12983143797713
2,16,1.0,21.87575904051089,331,164.2324770429701,1.0069026891786528,5.811828035869712e-15,159,0.00738647,1.9443,11.8757,6.67697,1866240,25,10.44030650891055
2,64,0.001,95999.99199999748,232658555,550762.7387455214,0.0010299027034834651,3.832433913684342e-11,366,0.033498,17.9824,103.938,15.3446,4290720,98183,16103.815976345482
2,64,0.01,9599.919999200054,2529927,57432.67341969929,0.010229091805857848,6.3754518451138156e-12,285,0.0326372,14.012,81.4456,11.9599,3342528,9588,1473.7279260433386
