nser,dim,orig_eps,orig_l1,vdbm_nb,vdbm_l1,eps,delta,num_bit,setup,computing,proving,verifying,comm,l1,l2
2,16,0.001,23999.99799999937,232658555,137690.68468638035,0.0010299027034834651,3.832433913684342e-11,366,0.00985648,4.44717,27.3703,15.2689,4284576,29328,9051.347192545429
