eps,log_prec,num_class,actual_eps,setup,committing,computing,proving,verifying,comm
0.125,6,2,0.125163142954006,0.0416723,0.000487241,7.126e-06,0.046858,0.00806505,2032
0.125,6,4,0.23638877806423034,0.0423155,0.000505662,7.521e-06,0.0468585,0.00804152,2032
0.125,6,8,0.0,0.0349976,0.000551429,6.979e-06,0.047214,0.00806756,2032
0.125,6,16,0.0,0.0353276,0.000535274,6.161e-06,0.0470403,0.00809184,2032
0.125,6,32,0.0,0.0341467,0.000532531,5.114e-06,0.0472639,0.00803758,2032
0.125,6,64,0.0,0.0339858,0.000528811,2.312e-06,0.0473214,0.00805807,2032
